,S_daily,sigmaS_daily,n_articles
2021-01-01,0.0,0.0,2
2021-01-02,0.039244443,0.32510734473338665,9
2021-01-03,-0.06847499,0.2303275244088293,4
2021-01-04,0.056125924,0.253443249242216,27
2021-01-05,0.012289471,0.42654182153523373,19
2021-01-06,0.14867,0.2768427804618965,10
2021-01-07,0.12754872,0.37830622734125663,39
2021-01-08,0.07923871,0.3040922624105783,31
2021-01-09,-0.089075,0.47455322823813834,8
2021-01-10,-0.09534,0.4113757194732372,5
2021-01-11,0.17051667,0.30258508496155145,18
2021-01-12,0.06823479,0.2552249101860461,23
2021-01-13,0.1691158,0.3740245444680316,19
2021-01-14,0.112878785,0.3176889992645328,33
2021-01-15,-0.036660004,0.3700058788668976,25
2021-01-16,0.14237499,0.49251062346282376,8
2021-01-17,0.032350004,0.39904039840170524,8
2021-01-18,0.015614286,0.4041363240624188,7
2021-01-19,0.10034999,0.2234480723874398,16
2021-01-20,0.12308,0.28770001661790046,15
2021-01-21,-0.09153684,0.26771719225832735,19
2021-01-22,0.12477333,0.323512845414193,15
2021-01-23,0.10808333,0.3283061224801227,12
2021-01-24,0.22543125,0.29227451706257307,16
2021-01-25,0.15518333,0.3190475183621767,24
2021-01-26,0.152,0.31831642220267903,22
2021-01-27,0.023459187,0.23471188662417455,49
2021-01-28,0.024100004,0.3315446755818644,34
2021-01-29,0.08404445,0.4689900954223418,27
2021-01-30,0.1219091,0.3894620044808524,11
2021-01-31,0.4457667,0.39808846681735877,3
2021-02-01,0.113184005,0.3243687373203295,25
2021-02-02,0.045048002,0.36746684839583516,25
2021-02-03,0.14299999,0.30564568329148434,18
2021-02-04,0.21270001,0.37809568926845427,17
2021-02-05,0.043992307,0.3022767414697452,13
2021-02-06,-0.0016249964,0.40428581946047026,12
2021-02-07,0.037416667,0.2769986080306861,12
2021-02-08,0.07295937,0.2960019862795279,64
2021-02-09,-0.065532,0.31715100797054924,50
2021-02-10,0.003649998,0.3721783347224375,28
2021-02-11,0.050897054,0.33006205417310563,34
2021-02-12,0.09303043,0.3279405584664685,23
2021-02-13,0.22670624,0.43012327988921095,16
2021-02-14,0.019883335,0.28676828987869457,12
2021-02-15,0.130245,0.3588405016549038,20
2021-02-16,0.109690905,0.2726283245834353,22
2021-02-17,0.13414444,0.3527673179826313,18
2021-02-18,-0.047773335,0.37276903977758324,15
2021-02-19,-0.0038071417,0.3532077777570368,14
2021-02-20,0.076645456,0.3903978526630718,11
2021-02-21,0.18455556,0.290550606198542,9
2021-02-22,-0.039723806,0.350284975892739,21
2021-02-23,0.06835278,0.3378506533190149,36
2021-02-24,0.075635895,0.3156765472213049,39
2021-02-25,0.08584783,0.22703953474498614,23
2021-02-26,0.03904762,0.3200547101108649,21
2021-02-27,0.019208333,0.3228424982220523,12
2021-02-28,0.19238,0.42293285845673817,5
2021-03-01,-0.111549996,0.2694486915451934,16
2021-03-02,0.07131428,0.2692889350000569,21
2021-03-03,0.121954165,0.2700193470589602,24
2021-03-04,0.022944117,0.26471850955862714,34
2021-03-05,0.021025,0.42146642517991484,28
2021-03-06,0.0574,0.2533094729657862,10
2021-03-07,0.151905,0.26563532598749706,20
2021-03-08,0.037242502,0.362391850791605,40
2021-03-09,0.06991522,0.3122746228019698,46
2021-03-10,0.12517036,0.35962495407518585,27
2021-03-11,0.11615,0.296240984405613,40
2021-03-12,-0.04651,0.43075863627929417,30
2021-03-13,0.1104353,0.2498370762134013,17
2021-03-14,0.063185714,0.22167890801591322,14
2021-03-15,0.049726088,0.2935471556975712,46
2021-03-16,-0.07580277,0.43758062530998104,36
2021-03-17,0.10575714,0.3269055138172405,28
2021-03-18,-0.0457625,0.34666223906530474,32
2021-03-19,-0.023972219,0.36296032226053565,18
2021-03-20,-0.011790907,0.2551044514553511,22
2021-03-21,0.17426668,0.2975155224769612,12
2021-03-22,0.019829033,0.28013208395854877,31
2021-03-23,0.122943476,0.2779345742630721,23
2021-03-24,-0.04504412,0.338487982051229,34
2021-03-25,-0.03494138,0.34436473557745684,29
2021-03-26,0.010866665,0.3941781579524637,18
2021-03-27,0.07608,0.20500748304856592,10
2021-03-28,0.29154,0.2695880582779295,5
2021-03-29,0.13991906,0.2180212345199355,21
2021-03-30,-0.0024413795,0.25695988494986555,29
2021-03-31,0.1589,0.25388093104242515,36
2021-04-01,0.091740005,0.26789763926642174,35
2021-04-02,0.14399286,0.25071464170357766,14
2021-04-03,-0.05654,0.3921684064380619,10
2021-04-04,0.22383636,0.3064333961619494,11
2021-04-05,0.13656206,0.34929090836431864,29
2021-04-06,0.05081111,0.3328787377407444,27
2021-04-07,0.131825,0.31299810029060715,24
2021-04-08,0.1019875,0.28666929921895395,40
2021-04-09,0.15542608,0.29702971608548506,23
2021-04-10,0.05878823,0.395327181589086,17
2021-04-11,0.092824996,0.3519610689913329,12
2021-04-12,-0.0018281229,0.3120445568396529,32
2021-04-13,0.20655239,0.3306778108722465,21
2021-04-14,0.0867,0.33015175112262135,39
2021-04-15,0.096770585,0.29374370022184915,34
2021-04-16,0.009010003,0.3718309639143807,30
2021-04-17,0.13863751,0.243441134666824,8
2021-04-18,-0.1856,0.5042636425055775,12
2021-04-19,-0.035440676,0.3689353958859543,59
2021-04-20,-0.06965,0.3686860658180878,42
2021-04-21,0.07010476,0.189856189810142,21
2021-04-22,0.07650278,0.378337068798309,36
2021-04-23,0.011644443,0.3775233856971415,27
2021-04-24,-0.041914284,0.2908395091882513,14
2021-04-25,0.1211,0.2195521777556215,6
2021-04-26,0.0635946,0.37733125617192914,37
2021-04-27,0.0634119,0.355973495235209,42
2021-04-28,0.011009525,0.3550367437553081,42
2021-04-29,-0.1805742,0.3633280787842291,31
2021-04-30,0.027447367,0.32901149593899115,19
2021-05-01,-0.04070625,0.2866087313129945,16
2021-05-02,0.051936362,0.46342562326558295,11
2021-05-03,0.005628568,0.2539046468288421,28
2021-05-04,0.15849666,0.28461439894321294,30
2021-05-05,0.19639333,0.2611147209034063,30
2021-05-06,0.06392692,0.331828719182816,26
2021-05-07,0.091837496,0.26459538670015537,24
2021-05-08,0.089640915,0.4369060524844292,22
2021-05-09,0.07115,0.28421791145033526,20
2021-05-10,-0.0617,0.34747830166395777,43
2021-05-11,-0.055113636,0.3303082899823769,44
2021-05-12,-0.018912904,0.3359148591294358,31
2021-05-13,-0.07977619,0.3129714778329865,63
2021-05-14,-0.09280714,0.3591211995862169,42
2021-05-15,0.07462631,0.43437620161265994,19
2021-05-16,-0.036843747,0.3508407902802939,16
2021-05-17,-0.015149181,0.3014954085791214,61
2021-05-18,-0.033283334,0.27804537154259373,54
2021-05-19,-0.03675,0.3490536025873354,60
2021-05-20,-0.007391836,0.37287487895014515,49
2021-05-21,-0.108971424,0.2893191699282747,42
2021-05-22,0.063156255,0.363717823960425,16
2021-05-23,0.051529408,0.40720510686296457,17
2021-05-24,0.036115624,0.3764213596557443,32
2021-05-25,-0.043721877,0.26747181690437477,32
2021-05-26,0.04359722,0.32551992857364376,36
2021-05-27,0.041451607,0.4006713707369914,31
2021-05-28,0.06509166,0.28815975387381576,24
2021-05-29,0.107807145,0.3728078558378545,14
2021-05-30,-0.058724992,0.40335327696016476,4
2021-05-31,-0.15560834,0.19388626615352142,12
2021-06-01,-0.002445454,0.27424065339226994,22
2021-06-02,-0.026231429,0.26685095925676294,35
2021-06-03,-0.12087097,0.26315243761250123,31
2021-06-04,0.21549642,0.31016812617679806,28
2021-06-05,0.040007144,0.38868216776269116,14
2021-06-06,0.0071199983,0.3921997623430891,10
2021-06-07,0.036125,0.29842947107101475,28
2021-06-08,0.016209757,0.25977690845150914,41
2021-06-09,0.05863214,0.2940494630835361,28
2021-06-10,-0.010502775,0.3050202392785762,36
2021-06-11,0.115292855,0.36329536097850196,14
2021-06-12,0.013820005,0.3832021596619604,5
2021-06-13,0.038236365,0.3486276267887455,11
2021-06-14,0.035312116,0.25669298852290345,33
2021-06-15,0.053807143,0.3759826364241185,28
2021-06-16,0.07998276,0.31301270066422876,29
2021-06-17,0.10846001,0.3080838228542302,25
2021-06-18,-0.085877776,0.4519919142835271,9
2021-06-19,0.26335,0.37243315567742574,2
2021-06-20,0.029216668,0.20356088327835084,6
2021-06-21,0.097891666,0.3200437754169431,24
2021-06-22,0.124672726,0.31495852361076054,22
2021-06-23,0.076274075,0.3194684640159436,27
2021-06-24,0.22228,0.4002415707178113,15
2021-06-25,0.058953334,0.22854511767646107,15
2021-06-26,0.06909231,0.2187171763371766,13
2021-06-27,0.13984285,0.3156696347482906,7
2021-06-28,0.04016818,0.24208285501681615,22
2021-06-29,0.012433332,0.337821964882367,30
2021-06-30,0.22383334,0.2871682494405155,15
2021-07-01,-0.05354546,0.374585449565338,22
2021-07-02,0.17995295,0.2888893758433126,17
2021-07-03,-0.15132222,0.3297292738103923,9
2021-07-05,-0.010637499,0.3012831287112935,8
2021-07-06,-0.025999997,0.3766986998780524,23
2021-07-07,0.0072000027,0.2317623302602306,9
2021-07-08,0.019500002,0.38076545426945596,23
2021-07-09,0.017614285,0.30131844835211,21
2021-07-10,0.21902221,0.3588781136125726,9
2021-07-11,0.12855335,0.42351633798380584,15
2021-07-12,0.091951616,0.333595583008498,31
2021-07-13,0.031252176,0.3767039504699,23
2021-07-14,0.105795234,0.3954401917145452,21
2021-07-15,-0.0038473636,0.3073485317516672,19
2021-07-16,0.15618236,0.3277208708908964,17
2021-07-17,0.27025,0.2464119784924572,6
2021-07-18,0.24982858,0.3529098419498312,7
2021-07-19,-0.049785,0.36798421048873536,20
2021-07-20,0.19025417,0.27286488273892395,24
2021-07-21,-0.034132,0.3343891822816377,25
2021-07-22,0.1769,0.3200298676414802,25
2021-07-23,0.090344824,0.36591952136959355,29
2021-07-24,0.06509231,0.37160597841526466,13
2021-07-25,0.09307144,0.3305836712488246,7
2021-07-26,0.09424762,0.34866094862058433,42
2021-07-27,0.07157692,0.25862142235324104,26
2021-07-28,0.124638095,0.24163686659548103,21
2021-07-29,0.12486316,0.4165279210427518,19
2021-07-30,-0.12944545,0.3809379648552278,22
2021-07-31,-0.06433078,0.4528501663360378,13
2021-08-01,-0.183,0.3132150787221538,5
2021-08-02,0.067222215,0.3023394259193099,9
2021-08-03,0.042194445,0.29332187586217884,18
2021-08-04,0.23348947,0.28032380389151074,19
2021-08-05,0.064059086,0.4080529945034472,22
2021-08-06,0.054673683,0.3539961971289611,19
2021-08-07,3.193106e-09,0.3461178131834797,7
2021-08-08,-0.1541111,0.3434558032086795,9
2021-08-09,0.055107143,0.3176927366580726,14
2021-08-10,0.069026664,0.2737964716723481,15
2021-08-11,-0.030917645,0.2322304569706553,17
2021-08-12,-0.08936666,0.2741331495356744,21
2021-08-13,0.21244167,0.4450106885067044,12
2021-08-14,0.026349997,0.24361937133556186,6
2021-08-15,0.121700004,0.23513281284074455,8
2021-08-16,-0.007972972,0.2915710232681096,37
2021-08-17,0.14935,0.3068588407186618,24
2021-08-18,0.11238235,0.356622122581915,17
2021-08-19,0.09347692,0.3037817888283587,13
2021-08-20,-0.031867743,0.34422527541954556,31
2021-08-21,-0.101457134,0.47111940952616244,7
2021-08-22,-0.1743,0.13798101489269418,4
2021-08-23,0.039133336,0.3363277742159859,12
2021-08-24,-0.15370454,0.2937627675230204,22
2021-08-25,0.15035453,0.38484655059126527,11
2021-08-26,-0.078919224,0.362676536889955,26
2021-08-27,0.050281253,0.25229589302139765,16
2021-08-28,-0.056045458,0.27714666644264463,11
2021-08-29,-0.0686875,0.14942865838186373,8
2021-08-30,0.19468334,0.2566668804115915,18
2021-08-31,0.07044999,0.38257997805059046,18
2021-09-01,0.084225,0.3365453506110823,20
2021-09-02,0.022035295,0.30963276431750864,17
2021-09-03,-0.23706922,0.3763284986661826,13
2021-09-04,-0.00606668,0.3497464754242378,6
2021-09-05,-0.31845,0.45035631439994367,2
2021-09-06,0.033671428,0.2854024961405683,7
2021-09-07,0.046304002,0.27034943100960784,25
2021-09-08,-0.0024153842,0.17936499462574973,13
2021-09-09,0.053723533,0.28615907620926867,17
2021-09-10,0.011599999,0.2504607789127549,9
2021-09-11,0.0086,0.014895637450959884,3
2021-09-12,-0.093425,0.41089456045737827,4
2021-09-13,-0.061679166,0.33473819536561134,24
2021-09-14,0.13516842,0.2880947727907965,19
2021-09-15,0.053500004,0.23892054922564115,18
2021-09-16,0.12272274,0.28015637828441536,22
2021-09-17,0.061405882,0.37828116192352423,17
2021-09-18,0.0067071402,0.3865384479240382,14
2021-09-19,0.17641668,0.429537967770489,6
2021-09-20,0.01130417,0.37721636034229367,24
2021-09-21,0.02199375,0.18706637103392498,16
2021-09-22,0.0037750036,0.36803686872444175,20
2021-09-23,0.053781483,0.28899826248172106,27
2021-09-24,-0.128525,0.29208882629105437,16
2021-09-25,0.1224125,0.2969953642488901,8
2021-09-26,0.14521429,0.3600385100655985,7
2021-09-27,0.003500002,0.2841354059272107,26
2021-09-28,-0.039571427,0.4046981879327394,28
2021-09-29,-0.024666665,0.35150027996202987,27
2021-09-30,-0.09848611,0.26922237214464745,36
2021-10-01,0.13005333,0.2536091324403429,15
2021-10-02,-0.1544,0.277387037935278,13
2021-10-03,-0.08648334,0.3540341755208058,6
2021-10-04,-0.031057574,0.2528668225549786,33
2021-10-05,-0.0968,0.37274692435328355,24
2021-10-06,0.17706472,0.3331770079122811,34
2021-10-07,0.09169565,0.24349911964695814,23
2021-10-08,0.049528003,0.33943704798272917,25
2021-10-09,-0.1406643,0.31948944659747774,14
2021-10-10,0.100158334,0.3546197051938238,12
2021-10-11,0.26684117,0.40801587665272104,17
2021-10-12,0.07965238,0.3104702245496607,21
2021-10-13,-0.016094446,0.3115238925875308,18
2021-10-14,0.05910625,0.3923813052139238,16
2021-10-15,0.15726428,0.3300546339481743,14
2021-10-16,-0.0029571417,0.21469760240745517,7
2021-10-17,0.014499999,0.13942044579981866,9
2021-10-18,0.061990004,0.33055853212020303,30
2021-10-19,0.073676474,0.15415516861144274,17
2021-10-20,0.1092037,0.25446569393987833,27
2021-10-21,0.12515172,0.39163885291513717,29
2021-10-22,0.17410666,0.33621461425148935,15
2021-10-23,0.019985717,0.2356974219324353,7
2021-10-24,0.35986665,0.1413188012612794,3
2021-10-25,0.07952321,0.25362239059289593,56
2021-10-26,0.1173,0.3069978507653488,39
2021-10-27,0.13937777,0.2817404146610476,36
2021-10-28,0.127832,0.2846143075927022,25
2021-10-29,0.07431304,0.37032900269005936,23
2021-10-30,-0.09155833,0.3044077941468511,12
2021-10-31,-0.037683334,0.2391420027768167,6
2021-11-01,-0.015683329,0.361515423378046,30
2021-11-02,-0.019243183,0.26093613694749884,44
2021-11-03,0.047384,0.32949728831714087,25
2021-11-04,-0.032518517,0.3647322539065375,27
2021-11-05,0.015858825,0.342825728549421,17
2021-11-06,-0.016672725,0.34329485247506825,11
2021-11-07,0.042666666,0.18585467721603918,9
2021-11-08,0.0020359987,0.2556257715921977,50
2021-11-09,0.0712625,0.38686076661590124,32
2021-11-10,0.13855454,0.3226930821763061,33
2021-11-11,0.18551351,0.31503371167977817,37
2021-11-12,0.10482858,0.3266833622474414,28
2021-11-13,-0.1184,0.1621258791109249,5
2021-11-14,-0.15327273,0.3138698953398223,11
2021-11-15,0.109790705,0.22899707208574116,43
2021-11-16,-0.011385711,0.36903262369640816,28
2021-11-17,0.015637035,0.3121299493092418,27
2021-11-18,0.057730768,0.3296434534087078,26
2021-11-19,-0.079851724,0.28713395001896236,29
2021-11-20,0.052224997,0.2575194489693484,12
2021-11-21,0.16955,0.3547856447065279,8
2021-11-22,0.125532,0.3363985723203948,25
2021-11-23,0.116015784,0.35861543270090007,19
2021-11-24,0.06324091,0.2935207553265399,22
2021-11-25,0.0,0.0,2
2021-11-26,-0.039899997,0.33729811699352524,10
2021-11-27,0.21405,0.33190691396681826,8
2021-11-28,0.1206,0.2254556784212084,7
2021-11-29,0.1295579,0.26693845312287345,19
2021-11-30,0.046938095,0.28670474910423766,21
2021-12-01,0.070252635,0.1910642094646876,19
2021-12-02,0.05748572,0.1811697827574955,21
2021-12-03,0.120017394,0.33723738763042344,23
2021-12-04,-0.02616667,0.37000062654798405,12
2021-12-05,0.2774,0.30807539340411033,5
2021-12-06,-0.06906842,0.27356472121146974,38
2021-12-07,-0.042976666,0.3382741772806393,30
2021-12-08,0.089964,0.31795824447415494,25
2021-12-09,0.00060000067,0.2666929263615542,22
2021-12-10,0.16334116,0.26904079630572153,17
2021-12-11,-0.0818875,0.49234102410031344,8
2021-12-12,0.089899994,0.7578625504556792,3
2021-12-13,0.058165386,0.3184869845104653,26
2021-12-14,0.024092106,0.3455274478929013,38
2021-12-15,0.038697142,0.41541469578106555,35
2021-12-16,0.052078947,0.35536385240069973,19
2021-12-17,-0.05045294,0.23244218357744897,17
2021-12-18,-0.2553,0.36104870183875415,2
2021-12-19,0.12205714,0.40939479069032336,7
2021-12-20,0.13517646,0.22784047444276723,17
2021-12-21,0.006066668,0.34950353790281063,15
2021-12-22,0.1909,0.30891699726561894,23
2021-12-23,0.2250762,0.3609209693144951,21
2021-12-24,0.05576667,0.23994892423640268,9
2021-12-25,-0.1405,0.2433531369492659,3
2021-12-26,-0.10869999,0.634557619603684,2
2021-12-27,0.20381111,0.3270837046201269,9
2021-12-28,-0.078125,0.37943936721293536,16
2021-12-29,0.13548823,0.33988174012642125,17
2021-12-30,-0.07512222,0.3635287888183823,18
2021-12-31,-0.036533333,0.10462446699562922,12
2022-01-01,0.26962,0.3553582011713604,5
2022-01-02,0.0918,0.16552558528431607,5
2022-01-03,0.013910345,0.24193243779683477,29
2022-01-04,0.005137036,0.2299115007663743,27
2022-01-05,0.02458485,0.24128310550206747,33
2022-01-06,0.017012501,0.35476062322994484,24
2022-01-07,0.1735857,0.43372648381967677,14
2022-01-08,-0.09807143,0.27730042218750073,7
2022-01-09,0.13222,0.3973161568992114,5
2022-01-10,0.09594348,0.24938574812289835,23
2022-01-11,0.019294737,0.2616798293862423,19
2022-01-12,0.087050006,0.229161657491939,10
2022-01-13,0.038740907,0.29955535538807,22
2022-01-14,0.0401647,0.3097169599621974,17
2022-01-15,-0.17,0.24041630813223708,2
2022-01-16,-0.0859,0.4535837710685128,7
2022-01-17,0.25670713,0.30717873855031,14
2022-01-18,-0.14471176,0.41940515078571616,17
2022-01-19,0.039359998,0.363429789783065,15
2022-01-20,0.12422308,0.38280622216891724,13
2022-01-21,-0.0714125,0.4202734995410837,16
2022-01-22,0.038275,0.07654999941587448,4
2022-01-23,0.0,0.0,6
2022-01-24,-0.032944,0.34488551763142383,25
2022-01-25,0.104820825,0.35763131692024236,24
2022-01-26,0.13862415,0.3053522282076094,29
2022-01-27,0.14522433,0.3442392096393048,37
2022-01-28,0.08833529,0.370350519975164,17
2022-01-29,0.059833333,0.2966112291903197,3
2022-01-30,0.15969999,0.2438622383596018,3
2022-01-31,-0.031099997,0.32076258254196277,13
2022-02-01,-0.004336365,0.3783845884212869,22
2022-02-02,-0.0105099995,0.38829831388696595,30
2022-02-03,-0.06640625,0.3370776366236181,16
2022-02-04,-0.04499412,0.2889994636610925,17
2022-02-05,0.045963634,0.2430793985691485,11
2022-02-06,0.06004001,0.3599995194538342,10
2022-02-07,-0.065689474,0.37303191431122823,19
2022-02-08,-0.02435909,0.3779095835262099,22
2022-02-09,-0.01885833,0.3665344125930701,24
2022-02-10,-0.17100334,0.37553262890837097,30
2022-02-11,0.024294734,0.31518557862789165,19
2022-02-12,-0.089925,0.17984999716281888,4
2022-02-13,0.5402,0.05126871144731525,3
2022-02-14,0.24567369,0.3248897780681484,19
2022-02-15,0.044331815,0.4467856938262611,22
2022-02-16,-0.12796666,0.3173196413244418,12
2022-02-17,-0.03010714,0.4365153784358475,28
2022-02-18,-0.08913182,0.32757472212569505,22
2022-02-19,-0.254575,0.3449211790289268,8
2022-02-20,0.3506333,0.304045092755553,3
2022-02-21,-0.19503334,0.2048929867214765,9
2022-02-22,-0.024870835,0.2880442846996477,24
2022-02-23,0.13355714,0.3328915903158447,21
2022-02-24,-0.06266842,0.29081054105010706,19
2022-02-25,-0.18121,0.31493380032559426,10
2022-02-26,0.0,0.0,2
2022-02-27,-0.116775006,0.1762751904645194,8
2022-02-28,-0.030747369,0.27367983219863884,19
2022-03-01,-0.011675,0.13052692329855078,16
2022-03-02,0.06703214,0.3543189673256781,28
2022-03-03,-0.020393748,0.3232346707718478,32
2022-03-04,-0.078455,0.43897388651681984,20
2022-03-05,-0.26216665,0.3767784380692492,6
2022-03-06,0.08242001,0.4829943435511245,10
2022-03-07,-0.044966668,0.33334570019079524,12
2022-03-08,-0.007935717,0.26001660203781524,14
2022-03-09,0.04597693,0.4366883980973438,13
2022-03-10,-0.11570001,0.2551359792718911,15
2022-03-11,-0.056824993,0.3026618583991395,12
2022-03-12,0.101166666,0.3128479067337154,6
2022-03-13,0.32595,0.40264279920786905,4
2022-03-14,0.022947619,0.17198406555637125,21
2022-03-15,0.090836845,0.30980291709968666,19
2022-03-16,-0.07465217,0.3371860870443458,23
2022-03-17,-0.14918183,0.2227293145785398,11
2022-03-18,-0.05505,0.1557049147682818,8
2022-03-19,-0.08923334,0.2671877815172331,6
2022-03-20,-0.16488571,0.2568136174909219,7
2022-03-21,-0.0012000033,0.24887656934464,14
2022-03-22,-0.0047954526,0.31464845657681856,22
2022-03-23,0.012880001,0.25418931659897087,15
2022-03-24,0.17449333,0.24697029535048076,15
2022-03-25,-0.061600003,0.35979547011206964,7
2022-03-26,0.14744444,0.35368462669787865,9
2022-03-27,-0.0876,0.44071893308232224,12
2022-03-28,0.12813096,0.2965887122441081,42
2022-03-29,0.10832631,0.2940704446676139,19
2022-03-30,0.17348573,0.32491712865405076,7
2022-03-31,0.21993001,0.28570981510331894,10
2022-04-01,0.14634,0.3323373155629296,10
2022-04-02,-0.1547875,0.25004766366204273,8
2022-04-03,-0.0049111117,0.40196477893579896,9
2022-04-04,0.0426375,0.1870427277321635,40
2022-04-05,0.024072343,0.26231692876354734,47
2022-04-06,-0.0002703722,0.32707893360143314,27
2022-04-07,0.1058,0.2693440262852573,30
2022-04-08,0.070568964,0.31034909747199774,29
2022-04-09,-0.069358334,0.20866021919372973,12
2022-04-10,0.13768001,0.3264512580672677,15
2022-04-11,0.023339475,0.291163390189261,38
2022-04-12,-0.065748274,0.22683087086959272,29
2022-04-13,-0.029108696,0.1574422137152051,23
2022-04-14,-0.03208209,0.3117036865572078,67
2022-04-15,-0.03257647,0.369736968739487,34
2022-04-16,0.046205264,0.3489981763562995,19
2022-04-17,-0.16021667,0.3700223568877154,6
2022-04-18,0.019365715,0.3999384207224465,35
2022-04-19,-0.101940006,0.34799834125051415,25
2022-04-20,0.0007428541,0.34047951964467554,42
2022-04-21,0.03917059,0.3039942927080774,51
2022-04-22,0.17239445,0.25158951783225303,18
2022-04-23,0.17003125,0.44789930613208856,16
2022-04-24,0.038283337,0.25392550462659214,6
2022-04-25,0.006781945,0.2880076203015735,72
2022-04-26,0.00517564,0.34475989456619655,78
2022-04-27,-0.057301756,0.3773274538803736,57
2022-04-28,-0.0062937494,0.3358032349412463,48
2022-04-29,0.055542104,0.33685842534269894,38
2022-04-30,-0.08444375,0.3406598483333546,16
2022-05-01,-0.16575556,0.3320287678845407,9
2022-05-02,0.14483333,0.2772768433740496,30
2022-05-03,-0.05392222,0.2124589209583597,18
2022-05-04,0.06547273,0.19869720206334424,22
2022-05-05,-0.0115486495,0.37781881707213844,37
2022-05-06,-0.023883337,0.3299723237732305,18
2022-05-07,0.1204,0.4318254004271085,10
2022-05-08,0.1019,0.18699593361979522,4
2022-05-09,0.103604004,0.29725434798850675,25
2022-05-10,-0.14532106,0.3491933910981208,38
2022-05-11,-0.12413572,0.2962498394199408,28
2022-05-12,-0.039453574,0.2874648201116335,28
2022-05-13,-0.11476744,0.2637683727864317,43
2022-05-14,-0.0872125,0.36802294598411245,8
2022-05-15,-0.060690906,0.5349761197481901,11
2022-05-16,-0.0051100003,0.3396173579537229,40
2022-05-17,-0.111141175,0.35292837503517727,34
2022-05-18,-0.19277714,0.3519991644809286,35
2022-05-19,-0.13397619,0.3029319911231277,42
2022-05-20,-0.020405551,0.3749975977323498,36
2022-05-21,-0.08811875,0.22762431679174402,16
2022-05-22,-0.32442856,0.4306236408509161,7
2022-05-23,0.05275555,0.26965247946757226,18
2022-05-24,-0.072073914,0.3679054133635638,23
2022-05-25,0.023353567,0.3996452543817845,28
2022-05-26,-0.0029300025,0.3697006562904488,30
2022-05-27,-0.06293333,0.3006022184708378,15
2022-05-28,-0.0082625,0.5029303734470589,8
2022-05-29,0.051233333,0.2547878975168571,6
2022-05-30,-0.18295,0.25320913513068716,8
2022-05-31,-0.055372223,0.28788290509837894,18
2022-06-01,-0.14014582,0.3039154729028116,24
2022-06-02,0.020630006,0.31107439546047777,10
2022-06-03,-0.029715559,0.3556325331357506,45
2022-06-04,0.0437,0.33463107190224173,13
2022-06-05,0.07393333,0.3460162660104464,9
2022-06-06,-0.054328892,0.2966104051679603,45
2022-06-07,0.062824994,0.35754698723882705,20
2022-06-08,0.006637037,0.33859838248480956,27
2022-06-09,-0.09220938,0.37542575777373904,32
2022-06-10,-0.095975,0.270514018672878,16
2022-06-11,-0.1601375,0.21017149249559222,8
2022-06-12,0.11107143,0.4725173251623972,7
2022-06-13,-0.13143332,0.23720488108273954,21
2022-06-14,0.0032906267,0.3293736747792649,32
2022-06-15,0.048864286,0.3062717320580074,28
2022-06-16,0.053967394,0.3149414732264544,46
2022-06-17,-0.07025217,0.3999539891140646,23
2022-06-18,-0.0390375,0.25136036782671856,8
2022-06-19,-0.19074,0.2696906181809332,5
2022-06-20,-0.06785,0.3398408424804119,12
2022-06-21,-0.081012,0.3786341173852383,50
2022-06-22,-0.112870835,0.2921813022509878,24
2022-06-23,0.09035715,0.33215098250561736,21
2022-06-24,0.05459524,0.38534290143538613,21
2022-06-25,-0.049333334,0.12084149553464708,6
2022-06-26,-0.0033199997,0.3197965270034988,10
2022-06-27,0.09958261,0.2831702501827862,23
2022-06-28,0.010681481,0.22316006430114202,27
2022-06-29,0.037396003,0.3071943760217532,25
2022-06-30,0.063193336,0.3698121381434864,15
2022-07-01,-0.06370625,0.30549859768205856,16
2022-07-02,-0.08873077,0.28646653535000355,13
2022-07-03,-0.13396667,0.23203706938814214,3
2022-07-04,-0.013772726,0.3502034683571119,11
2022-07-05,0.056605887,0.33502159054086017,17
2022-07-06,0.039,0.16077900548978574,20
2022-07-07,-0.03462286,0.32956129449262034,35
2022-07-08,-0.04178684,0.36986171095069603,38
2022-07-09,-0.085652,0.37389720297434453,25
2022-07-10,-0.111035705,0.25121430411988044,14
2022-07-11,-0.1009875,0.25081068236093756,32
2022-07-12,-0.057023402,0.2616388708008482,47
2022-07-13,-0.08002857,0.29457673335655965,35
2022-07-14,-0.0032970596,0.34162415446559224,34
2022-07-15,0.06295555,0.33770452600561046,18
2022-07-16,-0.2125091,0.32240123322772346,11
2022-07-17,0.180825,0.19272931702389645,4
2022-07-18,-0.066555,0.4965401964286712,20
2022-07-19,-0.013810714,0.3755766228425637,28
2022-07-20,0.021815388,0.35772459096461867,26
2022-07-21,0.03534737,0.3521047865213045,38
2022-07-22,0.08127059,0.3182619124405173,17
2022-07-23,0.1619909,0.40328297982929157,11
2022-07-24,0.15972,0.1950195776110628,10
2022-07-25,-0.068987496,0.30930102446606267,24
2022-07-26,0.10610476,0.2787933101348068,21
2022-07-27,0.010799999,0.3739094897568769,13
2022-07-28,0.098545454,0.20806702994124918,11
2022-07-29,0.19862725,0.3110789657448289,11
2022-07-30,-0.052962504,0.39958670847262484,8
2022-07-31,0.1039,0.16051330453007698,4
2022-08-01,-0.021177776,0.3452087708106286,18
2022-08-02,-0.011753333,0.4525785231726386,15
2022-08-03,0.003200002,0.33599895294755067,16
2022-08-04,0.034465216,0.4071715384678267,23
2022-08-05,-0.073285185,0.3813500866107884,27
2022-08-06,0.0236,0.371561341817754,10
2022-08-07,-0.2611,0.24916883229954226,5
2022-08-08,0.03818,0.12316169748363645,10
2022-08-09,0.06406667,0.221069880853588,15
2022-08-10,0.078944445,0.375830757962402,27
2022-08-11,0.0291,0.37085592996531563,14
2022-08-12,0.23794444,0.2999585440658589,9
2022-08-13,0.0,0.0,4
2022-08-14,0.010849997,0.2942872244107508,4
2022-08-15,0.055585712,0.40313695467316896,21
2022-08-16,-3.6843514e-05,0.3225881656059498,19
2022-08-17,0.139475,0.30133244352099753,20
2022-08-18,0.082386665,0.4073044507614244,15
2022-08-19,-0.06545263,0.35326916524522584,19
2022-08-20,0.21248749,0.39495295954200466,8
2022-08-21,-0.16328001,0.379519104734559,10
2022-08-22,-0.08418621,0.30983051008371054,29
2022-08-23,-0.13937353,0.33870844862742927,34
2022-08-24,-0.17858571,0.40339025362488157,21
2022-08-25,0.001933335,0.293624571277573,24
2022-08-26,-0.090686366,0.3389254603005514,22
2022-08-27,-0.037228573,0.2439110265942996,7
2022-08-28,-0.060200002,0.29385997084349214,6
2022-08-29,0.098108694,0.29857111892409216,23
2022-08-30,0.009656249,0.3234330213538201,32
2022-08-31,-0.1294,0.29127314130946624,16
2022-09-01,-0.18986112,0.29956629832164505,18
2022-09-02,0.029417645,0.36814163800249733,17
2022-09-03,0.15846667,0.2744723184407616,3
2022-09-04,-0.3612,,1
2022-09-05,-0.057414286,0.2677035916130041,7
2022-09-06,-0.0014812499,0.3527637332552697,16
2022-09-07,-0.16040833,0.25643926257203264,12
2022-09-08,0.012799999,0.2152040195254862,23
2022-09-09,-0.042275004,0.336590484342307,8
2022-09-10,0.05463333,0.35535744055136637,6
2022-09-11,0.051033333,0.08839232553844166,3
2022-09-12,0.085913636,0.3226774060339003,22
2022-09-13,-0.06592273,0.2798845096498759,22
2022-09-14,0.03700741,0.3198420744469004,27
2022-09-15,-0.06701666,0.2501912914163559,24
2022-09-16,-0.024045456,0.312121300603313,11
2022-09-17,0.13837144,0.5687491648733682,7
2022-09-18,0.13355,0.33904104911438054,4
2022-09-19,-0.12566668,0.336790828621075,18
2022-09-20,-0.0031285712,0.31336135204198706,21
2022-09-21,-0.12674001,0.3320869357347859,10
2022-09-22,0.013395239,0.27451193637114235,21
2022-09-23,0.036430772,0.32037088075564374,13
2022-09-24,0.0,0.0,3
2022-09-25,0.087574996,0.21095706028402658,4
2022-09-26,0.11207856,0.3262745281569865,14
2022-09-27,-0.019131247,0.3013093021301126,16
2022-09-28,0.063706666,0.20790504446097124,15
2022-09-29,0.059637036,0.31000371159342244,27
2022-09-30,-0.0011809525,0.33005192716084264,21
2022-10-01,0.096886665,0.228081969108091,15
2022-10-02,-0.04441,0.276487858040198,10
2022-10-03,-0.116,0.3078814521492395,21
2022-10-04,-0.017653191,0.3779591753605452,47
2022-10-05,-0.014078377,0.33875583142798393,37
2022-10-06,-0.14165294,0.37466657431225786,34
2022-10-07,-0.045539998,0.36138864149919836,25
2022-10-08,-0.035193335,0.32439873653800677,15
2022-10-09,0.052049994,0.5087267717391297,6
2022-10-10,-0.12676154,0.38481903417914237,26
2022-10-11,0.04435484,0.41884145033408365,31
2022-10-12,-0.15938096,0.4527740762563776,21
2022-10-13,0.018665,0.34077072912260375,20
2022-10-14,0.011791665,0.3023059005235905,24
2022-10-15,-0.1642857,0.49975559698009475,14
2022-10-16,0.011028572,0.029178858438228563,7
2022-10-17,0.04881482,0.3881309223025984,27
2022-10-18,0.076400004,0.31100875572255854,24
2022-10-19,0.02428485,0.32750156456201807,33
2022-10-20,-0.03876,0.36484526024026,40
2022-10-21,-0.078962855,0.3453370972945523,35
2022-10-22,-0.109459996,0.25791670077713397,10
2022-10-23,0.1013,0.3436939371276877,6
2022-10-24,-0.0939,0.29997955856787173,17
2022-10-25,0.12946315,0.37518421222168447,19
2022-10-26,-0.0059299986,0.3073311078747165,30
2022-10-27,0.054288235,0.2679699076818918,34
2022-10-28,-0.024463512,0.33446896408932575,74
2022-10-29,-0.014082762,0.35506525852782256,29
2022-10-30,-0.265885,0.40617096303932604,20
2022-10-31,-0.07999091,0.3967093064953298,55
2022-11-01,-0.021362223,0.29155130904088783,45
2022-11-02,0.12198125,0.3418211371249541,32
2022-11-03,0.047533333,0.32260478008739396,33
2022-11-04,-0.11754839,0.32553928140555743,62
2022-11-05,-0.189748,0.3521179426002912,25
2022-11-06,-0.13254,0.4003729538172072,25
2022-11-07,-0.07536728,0.3743648626231479,55
2022-11-08,0.0064735305,0.35168349271933513,34
2022-11-09,-0.003786485,0.284223497967159,37
2022-11-10,-0.0076261885,0.3230825422050607,42
2022-11-11,-0.01581132,0.3368355950901672,53
2022-11-12,-0.139875,0.3848792620001955,16
2022-11-13,-0.09329375,0.4115632336465667,16
2022-11-14,-0.104961544,0.35839819672285594,39
2022-11-15,-0.08616667,0.3319165239404052,33
2022-11-16,-0.11315882,0.3834263257517417,51
2022-11-17,-0.02833846,0.4122807417566813,26
2022-11-18,-0.055146504,0.40710257974658226,43
2022-11-19,-0.071743995,0.46047600387537524,25
2022-11-20,-0.17701818,0.34701736046440407,22
2022-11-21,-0.05354074,0.47110637703944747,27
2022-11-22,0.07880666,0.3708471531258041,30
2022-11-23,-0.014585186,0.35297268088526756,27
2022-11-24,-0.1260409,0.34652223871680826,22
2022-11-25,-0.097438894,0.3489376467347766,18
2022-11-26,0.1121,0.3781563494855668,14
2022-11-27,-0.0747625,0.35671062639004697,16
2022-11-28,-0.091155164,0.40776766259766223,29
2022-11-29,-0.14460278,0.32162711267733696,36
2022-11-30,-0.08265526,0.4310063512761227,38
2022-12-01,-0.07982,0.41671587367781143,30
2022-12-02,-0.043565627,0.39766224801127104,32
2022-12-03,-0.1453,0.5302186000710453,20
2022-12-04,-0.06091111,0.5130003871322256,18
2022-12-05,0.016812002,0.4256734642575671,25
2022-12-06,-0.030154545,0.3073621511622597,22
2022-12-07,-0.055054836,0.3965357074886266,31
2022-12-08,-0.098963164,0.26839191197625645,38
2022-12-09,-0.028202942,0.42373353995530094,34
2022-12-10,-0.17535293,0.3734938725816323,17
2022-12-11,-0.11373529,0.35572602611650106,17
2022-12-12,0.033484213,0.41264875144548907,38
2022-12-13,0.0492641,0.35166961015999015,39
2022-12-14,-0.010574195,0.34828901546410174,31
2022-12-15,0.019404879,0.32553586351920477,41
2022-12-16,-0.18104255,0.29745955744598246,47
2022-12-17,-0.08665,0.41681937120067714,26
2022-12-18,-0.017776925,0.2758102974618599,13
2022-12-19,-0.10131551,0.37571444907080936,58
2022-12-20,-0.06931628,0.3284240519313984,43
2022-12-21,0.0038444414,0.36880421642476885,45
2022-12-22,0.0362871,0.40246127278805693,31
2022-12-23,0.008653127,0.38541661881440964,32
2022-12-24,-0.29854614,0.34267139097564897,13
2022-12-25,-0.11366666,0.28839175254599675,6
2022-12-26,-0.009663636,0.44690094758612214,11
2022-12-27,-0.06260435,0.39003619556169633,23
2022-12-28,0.009497142,0.37076828482270024,35
2022-12-29,0.0061307675,0.33016812368924814,26
2022-12-30,-0.10416522,0.4136450006189159,23
2022-12-31,0.11489999,0.3778055293795316,10
2023-01-01,-0.2063,0.2619979258828657,7
2023-01-02,-0.0428,0.3891534323164525,15
2023-01-03,0.036994867,0.3603573417763268,39
2023-01-04,-0.037737835,0.39689157001151115,37
2023-01-05,-0.024103126,0.3110637417694056,32
2023-01-06,-0.04650645,0.3741715754406947,31
2023-01-07,-0.10628824,0.46725467353531674,17
2023-01-08,-0.16908462,0.34415429122649244,13
2023-01-09,-0.145564,0.4126045771152752,25
2023-01-10,-0.17685294,0.29093507182720063,17
2023-01-11,0.00061922806,0.3072384119862505,26
2023-01-12,0.009566667,0.33842332616604875,27
2023-01-13,-0.08628214,0.3883248047313293,28
2023-01-14,-0.06319,0.3996491483334033,10
2023-01-15,-0.13236363,0.36760978063267313,11
2023-01-16,-0.20858182,0.27957037725150286,22
2023-01-17,-0.0021833356,0.3323664291863916,36
2023-01-18,0.0013206899,0.3530242198395374,29
2023-01-19,0.057299998,0.41907496016888657,18
2023-01-20,-0.18433939,0.41183420469746307,33
2023-01-21,0.08395384,0.3371195799530097,13
2023-01-22,-0.10763333,0.5890789349023088,6
2023-01-23,-0.061003704,0.32002496604766195,27
2023-01-24,0.09396,0.3163313253717249,50
2023-01-25,0.08297144,0.4119357690833727,42
2023-01-26,0.061436173,0.31050899040258145,47
2023-01-27,0.050251998,0.34699644777993965,25
2023-01-28,-0.100763634,0.3021302222087062,11
2023-01-29,-0.00803,0.3559728519922228,10
2023-01-30,-0.036084846,0.3751319667368065,33
2023-01-31,0.06804546,0.4311324875520434,33
2023-02-01,-0.009633333,0.46377380632929655,27
2023-02-02,0.06611471,0.34054354591601665,34
2023-02-03,0.168075,0.3817798124420917,32
2023-02-04,0.14378,0.4485328881699626,15
2023-02-05,0.23720999,0.3630894829523706,10
2023-02-06,0.016585713,0.32353057943711677,14
2023-02-07,-0.13466667,0.4147555988818983,12
2023-02-08,0.01559355,0.4024289979121704,31
2023-02-09,-0.048021052,0.36592847137820134,38
2023-02-10,0.040869236,0.3734006634574165,26
2023-02-11,0.0866125,0.5910978664773917,8
2023-02-12,0.1439375,0.35788437224923453,8
2023-02-13,0.089127995,0.37012432792169664,25
2023-02-14,0.02905862,0.3591262282921668,29
2023-02-15,0.12693822,0.36205672229020286,34
2023-02-16,-0.04208537,0.4633951942185415,41
2023-02-17,0.11031,0.41271622467332736,20
2023-02-18,0.0076090912,0.4011355218924292,22
2023-02-19,-0.098292306,0.33785085691164646,13
2023-02-20,-0.104845,0.3826035695592422,20
2023-02-21,-0.029086955,0.4007826202235119,23
2023-02-22,-0.055236366,0.23835075135317207,22
2023-02-23,-0.08054211,0.45572538157814285,19
2023-02-24,-0.051376466,0.4136612131133867,17
2023-02-25,0.019711118,0.37377818755735387,9
2023-02-26,-0.13547778,0.37664905693557604,9
2023-02-27,0.029870968,0.3717436734904136,31
2023-02-28,0.06107273,0.3041674264636617,22
2023-03-01,0.040733337,0.40294225449742416,30
2023-03-02,0.069196,0.24699864172199373,25
2023-03-03,-0.116908334,0.3269551086951156,12
2023-03-04,0.0985,0.2890099297028316,7
2023-03-05,0.047366668,0.30765971510651086,6
2023-03-06,-0.018030433,0.2801395541909729,23
2023-03-07,-0.24265715,0.4181833991152647,14
2023-03-08,-0.08789999,0.4156964989527523,27
2023-03-09,0.081243746,0.371954605875295,16
2023-03-10,-0.01286,0.3710859685539567,15
2023-03-11,0.049685717,0.6156584084369128,7
2023-03-12,-0.3619,0.2535689415520582,4
2023-03-13,0.14602,0.3702152285171781,15
2023-03-14,0.055600002,0.43592166509423946,15
2023-03-15,-0.09842,0.4905986361905563,10
2023-03-16,-0.15124285,0.3741256398702503,7
2023-03-17,0.024307141,0.3744387206039327,14
2023-03-18,0.219775,0.16783886082026106,4
2023-03-19,-0.16242501,0.2576242399665983,8
2023-03-20,-0.07017143,0.3847826743694302,7
2023-03-21,-0.09542631,0.37793021354009126,19
2023-03-22,-0.139825,0.4567747595617446,12
2023-03-23,-0.11097693,0.3765180577837639,13
2023-03-24,-0.28176665,0.3095177813772159,21
2023-03-25,-0.16841428,0.40261331514675086,7
2023-03-26,0.027085718,0.35240675008315725,7
2023-03-27,0.0015681819,0.3775868512977399,22
2023-03-28,-0.09881818,0.4222020430829192,22
2023-03-29,0.048603848,0.3281246855884998,26
2023-03-30,0.05341111,0.2993045844955447,18
2023-03-31,-0.11168888,0.4160376656578178,18
2023-04-01,-0.18670714,0.3774421498197805,14
2023-04-02,0.013126668,0.4261288480759952,15
2023-04-03,-0.032479167,0.3178344406434174,24
2023-04-04,-0.02554375,0.41900073702616564,16
2023-04-05,-0.029396664,0.3753906296738077,30
2023-04-06,0.026130438,0.3810958903750481,23
2023-04-07,-0.10454,0.40772460449485404,15
2023-04-08,-0.018923074,0.4879518304307377,13
2023-04-09,-0.19026667,0.3695988012019474,6
2023-04-10,0.035426665,0.3902242101880969,15
2023-04-11,-0.033099998,0.32817729389483624,16
2023-04-12,0.0057314304,0.3005468597067954,35
2023-04-13,0.018036839,0.43539287777068747,19
2023-04-14,-0.055910524,0.3860825346848757,19
2023-04-15,0.04624286,0.4031126971100286,14
2023-04-16,0.15484999,0.3428767384196206,6
2023-04-17,-0.002857693,0.4183704598421785,26
2023-04-18,0.118544996,0.30192381740714885,20
2023-04-19,-0.05407059,0.3812418895284427,34
2023-04-20,-0.065,0.34988654060544083,39
2023-04-21,-0.05588571,0.3634480945924153,28
2023-04-22,-0.016166663,0.39822775908169655,12
2023-04-23,-0.07638572,0.4212131369127577,7
2023-04-24,-0.060145,0.36631312822990564,20
2023-04-25,-0.16257499,0.29198256368614733,24
2023-04-26,-0.0047359993,0.33355035961098234,25
2023-04-27,0.27205384,0.47966598483236716,13
2023-04-28,0.08730769,0.3541618172419562,13
2023-04-29,0.0016583303,0.35320851839129697,12
2023-04-30,0.0,0.0,2
2023-05-01,-0.14503182,0.3884361387447024,22
2023-05-02,-0.10596842,0.34919676735537,19
2023-05-03,-0.11972632,0.3391435366078476,19
2023-05-04,-0.07267857,0.36980562831000674,14
2023-05-05,-0.11015,0.3444106568235266,12
2023-05-06,0.11311111,0.3088810119866521,9
2023-05-07,-0.08060001,0.4743731891163475,7
2023-05-08,-0.009052631,0.3903707659638915,19
2023-05-09,0.0044111097,0.3094224717658068,18
2023-05-10,-0.15859285,0.4148322698206659,28
2023-05-11,0.0058433353,0.3559142497904755,30
2023-05-12,-0.046206452,0.39449814991818655,31
2023-05-13,-0.26328748,0.2410714154106269,8
2023-05-14,0.012354553,0.6533702918671191,11
2023-05-15,0.011247827,0.3911716678044509,23
2023-05-16,-0.116467565,0.3453335475822975,37
2023-05-17,-0.11268928,0.3782090476169609,28
2023-05-18,-0.096321054,0.3156664492857046,19
2023-05-19,-0.059555557,0.4477078797500726,18
2023-05-20,0.15852857,0.2671423668504096,7
2023-05-21,-0.08854,0.14743696438575085,5
2023-05-22,-0.023181815,0.43645179068354617,11
2023-05-23,0.045112,0.30852898416304875,25
2023-05-24,-0.0049678558,0.3056207991876813,28
2023-05-25,-0.043092106,0.3255942799280428,38
2023-05-26,-0.005514997,0.4274163094290756,20
2023-05-27,-0.045025002,0.45720360845286806,16
2023-05-28,0.3165625,0.27135424829038934,8
2023-05-29,-0.16244,0.25620145369225816,5
2023-05-30,0.03135172,0.4058471518199239,29
2023-05-31,0.06878889,0.38069714348966643,27
2023-06-01,0.057471424,0.4624053098749613,21
2023-06-02,0.046255004,0.4747389771860896,20
2023-06-03,-0.0935,0.3245967874920308,7
2023-06-04,0.13876666,0.3474599423077691,6
2023-06-05,-0.13663334,0.42551852588374395,15
2023-06-06,0.21311428,0.3537281303904314,14
2023-06-07,-0.14996667,0.3697253523244434,12
2023-06-08,-0.030227266,0.42241808993623264,22
2023-06-09,0.10926001,0.32174670139062284,20
2023-06-10,0.0631,0.3907404891508864,8
2023-06-11,-0.2997,0.42383979324670873,2
2023-06-12,0.032063156,0.5292272972451774,19
2023-06-13,-0.12516,0.3035270508248857,20
2023-06-14,-0.02537222,0.29832922589459204,18
2023-06-15,0.06457778,0.34107358675620886,18
2023-06-16,0.013935717,0.49652263079573167,14
2023-06-17,-0.06031428,0.41302645560189455,7
2023-06-18,0.25353333,0.2553183225534403,3
2023-06-19,0.108790904,0.35415895960330906,11
2023-06-20,0.033439994,0.4488049154856883,10
2023-06-21,0.009717392,0.3624669182044711,23
2023-06-22,-0.108022735,0.457241213288682,22
2023-06-23,-0.091800004,0.4176574974778237,25
2023-06-24,-0.24291666,0.29075438839407486,6
2023-06-25,-0.2496875,0.3962140857406328,8
2023-06-26,-0.022999996,0.48788523562057573,12
2023-06-27,-0.015531998,0.28523373719884065,25
2023-06-28,-0.07959333,0.44413277806939044,15
2023-06-29,0.025281815,0.38365171313765234,11
2023-06-30,0.04273077,0.3945267835841271,13
2023-07-01,-0.145175,0.2589338809067238,12
2023-07-02,0.1092875,0.3275227956173442,8
2023-07-03,0.020515626,0.40961856567757393,32
2023-07-04,0.09876522,0.38379293571029094,23
2023-07-05,-0.041922227,0.42371073996592173,18
2023-07-06,0.12743226,0.2875570232365266,31
2023-07-07,0.111605555,0.428801372909403,18
2023-07-08,-0.108708344,0.36190377681217867,12
2023-07-09,0.2318857,0.4058712342511444,7
2023-07-10,-0.10309546,0.32882914647200956,22
2023-07-11,0.077476464,0.34285842507189607,17
2023-07-12,-0.033845,0.3937648421843351,20
2023-07-13,-0.09740416,0.39326263253675514,24
2023-07-14,0.08191112,0.40434416859932587,18
2023-07-15,-0.21694998,0.41966981482535204,10
2023-07-16,-0.212,0.45745206954418416,9
2023-07-17,-0.03897879,0.37363355901902534,33
2023-07-18,0.051677417,0.379995200935032,31
2023-07-19,0.17221051,0.4552727409450206,19
2023-07-20,0.019915624,0.33368399186083547,32
2023-07-21,0.029446665,0.3206656121903623,15
2023-07-22,-0.12953334,0.3074930756849052,9
2023-07-23,0.1623111,0.26880950018916955,9
2023-07-24,-0.00016922905,0.35706835499119505,39
2023-07-25,-0.08194445,0.37593991988938774,27
2023-07-26,0.069036365,0.35326974168922387,22
2023-07-27,0.028240906,0.4508400161065805,22
2023-07-28,-0.14088501,0.41953229589085966,20
2023-07-29,-0.047622222,0.276083547598048,9
2023-07-30,-0.1761875,0.35482613010933295,8
2023-07-31,-0.08157142,0.4287396421790368,28
2023-08-01,-0.082104765,0.276027186010045,21
2023-08-02,-0.12694444,0.28561278265829343,9
2023-08-03,0.0077799987,0.35209240461651287,25
2023-08-04,0.057606246,0.30953049918105885,16
2023-08-05,0.022233337,0.284003462509312,3
2023-08-06,-0.0744875,0.2895742838447,8
2023-08-07,0.045358825,0.34260059267319054,17
2023-08-08,0.059873912,0.32735114282657485,23
2023-08-09,-0.0185625,0.4473293105190329,16
2023-08-10,-0.024857894,0.3716217813587579,19
2023-08-11,0.11765,0.21405371261778464,16
2023-08-12,-0.105799995,0.36977019758993257,5
2023-08-13,0.18719998,0.7387851533174572,2
2023-08-14,-0.022020001,0.3075099350193594,20
2023-08-15,0.021183332,0.2413320847841713,18
2023-08-16,0.0055250027,0.3642519769918214,24
2023-08-17,0.20701875,0.522009157149784,16
2023-08-18,-0.046274994,0.3652031236105604,12
2023-08-19,0.024981815,0.468411249233627,11
2023-08-20,-0.1052625,0.2849910336190251,8
2023-08-21,-0.0637875,0.39813255162642397,16
2023-08-22,0.055606253,0.3826843797267235,16
2023-08-23,0.06730001,0.43490365409546394,13
2023-08-24,-0.012421423,0.41064501192011643,14
2023-08-25,-0.18685333,0.31153398319979553,15
2023-08-26,0.18754001,0.25859186016675,5
2023-08-27,0.13221668,0.432960972701321,6
2023-08-28,0.2003,0.20788797392817696,11
2023-08-29,0.053641178,0.3127043716908495,17
2023-08-30,-0.014113331,0.3245030071996848,15
2023-08-31,0.1534125,0.2733161484150929,16
2023-09-01,-0.035985712,0.2462569598281731,14
2023-09-02,0.049816657,0.42565004017032637,6
2023-09-03,-0.3326,0.29392059780580515,3
2023-09-04,-0.043437503,0.6003660852697508,8
2023-09-05,0.033,0.3298347036625728,13
2023-09-06,-0.079624996,0.3429533716524927,20
2023-09-07,-0.1263,0.2959249590517067,15
2023-09-08,-0.1292739,0.4062128989995706,23
2023-09-09,-0.14082858,0.34206214915379385,7
2023-09-10,-0.16477999,0.5442519412590281,5
2023-09-11,0.033606663,0.4309914748364752,15
2023-09-12,-0.025662502,0.44686668710674,24
2023-09-13,-0.034897223,0.36277371932866603,36
2023-09-14,-0.12633704,0.3592216387233769,27
2023-09-15,-0.048904996,0.3914661585415205,20
2023-09-16,-0.13419999,0.4161629295388232,12
2023-09-17,-0.08341428,0.35709597846573876,7
2023-09-18,0.091232,0.34560965048316455,25
2023-09-19,-0.018121054,0.36858582450254046,19
2023-09-20,-0.046885,0.366687716575046,20
2023-09-21,-0.10877,0.3103630190856495,10
2023-09-22,0.084228575,0.4305992816593252,14
2023-09-23,-0.34815,0.33044893298962164,4
2023-09-24,-0.23253334,0.4027595518611534,3
2023-09-25,0.12155557,0.3294876145441043,9
2023-09-26,-0.034033332,0.33408315104653585,9
2023-09-27,-0.054877777,0.4089425025261473,18
2023-09-28,-0.05342,0.34624385523749546,20
2023-09-29,-0.047993336,0.3765870951785729,15
2023-09-30,0.036233325,0.45732776715074697,3
2023-10-01,-0.4721333,0.37353073278614246,3
2023-10-02,0.06459285,0.4273984476281872,14
2023-10-03,0.019275002,0.24544708952926889,8
2023-10-04,0.20119,0.41383787464507443,10
2023-10-05,-0.09882778,0.31450044047373804,18
2023-10-06,-0.11897857,0.38903328067318427,14
2023-10-07,0.20092501,0.566709057504895,4
2023-10-08,0.13530001,0.5476823946274667,4
2023-10-09,-0.111825004,0.47596438851326006,4
2023-10-10,-0.4463714,0.3523830751449393,7
2023-10-11,-0.11951999,0.4172093663821344,15
2023-10-12,0.052,0.32349799246873595,8
2023-10-13,-0.07464,0.3244397822718145,5
2023-10-14,-0.15989998,0.4575152082308312,7
2023-10-15,-0.061580002,0.30228877536809867,5
2023-10-16,-0.0072916695,0.44826744186145934,12
2023-10-17,-0.16646665,0.2439018682625829,9
2023-10-18,-0.018247057,0.3273595669368702,17
2023-10-19,-0.07415217,0.3865412176653733,23
2023-10-20,-0.046513334,0.28085894541742773,15
2023-10-21,0.10356667,0.46200536975835943,6
2023-10-22,-0.0044374997,0.4751652122935419,8
2023-10-23,0.064757146,0.3642441370046212,14
2023-10-24,-0.15782,0.46378326908366785,10
2023-10-25,0.034870006,0.36984262597745304,10
2023-10-26,0.00786,0.28029470540599993,10
2023-10-27,-0.08987059,0.423685249137618,17
2023-10-28,-0.042760007,0.4882473400455802,5
2023-10-29,-0.30436668,0.2474792030365078,6
2023-10-30,0.06276364,0.32006302323877667,11
2023-10-31,-0.09234667,0.44887235221241234,15
2023-11-01,-0.015447056,0.4985628113294699,17
2023-11-02,-0.08246,0.4558993714384151,20
2023-11-03,0.057099994,0.4565464126585657,12
2023-11-04,0.08548571,0.6037183161433455,7
2023-11-05,-0.004833334,0.48506021763733087,9
2023-11-06,0.1502143,0.3961811515286921,14
2023-11-07,-0.0011874996,0.22027989054234443,8
2023-11-08,0.07475,0.3948477991284728,12
2023-11-09,0.016344449,0.46220553786735136,9
2023-11-10,0.19500001,0.41293057598122873,13
2023-11-11,-0.31368,0.2977355246830436,5
2023-11-12,0.004519993,0.5713244676463906,5
2023-11-13,0.22076249,0.35819988099555616,8
2023-11-14,0.18772,0.3916464603817203,10
2023-11-15,-0.009507688,0.5711553128443939,13
2023-11-16,0.058195006,0.34300600845677703,20
2023-11-17,-0.0459,0.2752648271291458,30
2023-11-18,-0.06954583,0.4003985543739246,24
2023-11-19,-0.24149999,0.4230810756303405,10
2023-11-20,0.065165,0.3351860271453328,20
2023-11-21,-0.014565003,0.40657618471039547,20
2023-11-22,-0.15501112,0.42719183346729545,9
2023-11-23,-0.14533077,0.3174816821307812,13
2023-11-24,0.022558331,0.23146739512046194,12
2023-11-25,0.2702,0.4208428701324634,8
2023-11-26,-0.24992858,0.34322891006163864,7
2023-11-27,-0.06754167,0.3316665543964317,24
2023-11-28,0.28885,0.32769708887861426,8
2023-11-29,0.018036846,0.38178304068087016,19
2023-11-30,-0.11271053,0.33656866844393263,38
2023-12-01,-0.0107,0.38387906004959055,20
2023-12-02,-0.14717,0.4362968194367211,10
2023-12-03,-0.09416666,0.4616542362489522,3
2023-12-04,-0.046546146,0.32166263031962916,13
2023-12-05,0.02918182,0.2827725221182793,22
2023-12-06,-0.065124996,0.29946852087977033,16
2023-12-07,-0.02377727,0.43314259331689253,22
2023-12-08,0.12626924,0.5523004474260126,13
2023-12-09,-0.04461818,0.3477273978599203,11
2023-12-10,-0.13304545,0.22588936909775414,11
2023-12-11,0.07558889,0.3007231028300576,9
2023-12-12,-0.21814546,0.23657969317427988,11
2023-12-13,-0.068090476,0.47440343863778833,21
2023-12-14,0.087163635,0.23450279737499743,11
2023-12-15,0.07468333,0.3799546265282227,12
2023-12-16,-0.32054,0.4134780144047869,10
2023-12-17,-0.117874995,0.4779541410185318,4
2023-12-18,-0.1849,0.39531874904575665,9
2023-12-19,-0.068341665,0.33233283488482135,12
2023-12-20,-0.24532667,0.4114585529098736,15
2023-12-21,-0.014950003,0.3177145468440739,12
2023-12-22,0.058952942,0.2756496032385802,17
2023-12-23,0.03476,0.4235020247213769,5
2023-12-24,0.28616667,0.252329198566726,3
2023-12-25,0.52065,0.2254963659062291,2
2023-12-26,-0.13735001,0.33508055853229535,12
2023-12-27,0.2502077,0.29598061567189365,13
2023-12-28,-0.021844447,0.5010043034576749,9
2023-12-29,0.09608461,0.3533835665556462,13
2023-12-30,0.13103333,0.27219829154889796,6
2023-12-31,-0.4727,0.5309950883331901,3
2024-01-01,0.025662504,0.38808342135002494,8
2024-01-02,-0.11903333,0.4657814997960607,15
2024-01-03,0.119574994,0.5082725480271291,16
2024-01-04,-0.09591332,0.4960409434734333,15
2024-01-05,-0.22518182,0.2741635874778336,11
2024-01-06,0.032180004,0.3520286970825862,5
2024-01-07,0.084785715,0.43449114627271007,7
2024-01-08,-0.051349998,0.2662378283553074,10
2024-01-09,-0.1749875,0.2790746989706262,16
2024-01-10,0.15856999,0.3646882299365776,10
2024-01-11,-0.028599998,0.23924294342186184,14
2024-01-12,-0.051320005,0.4363034174421603,10
2024-01-13,0.18466,0.4205380136464248,5
2024-01-14,-0.1302,0.4354581869225,5
2024-01-15,-0.098216675,0.27106495119529583,12
2024-01-16,-0.08157895,0.35164083839941096,19
2024-01-17,0.16346875,0.34740373102203126,16
2024-01-18,0.45275,0.24422708223652745,6
2024-01-19,0.033757143,0.4194217196567367,7
2024-01-20,0.1307,0.47410990499184325,4
2024-01-21,-0.013119996,0.3679558675438333,5
2024-01-22,-0.15944667,0.3142526458981531,15
2024-01-23,-0.12234117,0.35992219660162983,17
2024-01-24,0.09552105,0.35495669516055206,19
2024-01-25,0.17374347,0.42411536029066604,23
2024-01-26,0.12476363,0.49846054744160057,11
2024-01-27,0.12539999,0.3696395257973953,5
2024-01-28,-0.34566665,0.32285607336020167,3
2024-01-29,-0.037700005,0.3816759413345494,10
2024-01-30,0.15025385,0.34739986575358645,26
2024-01-31,0.029800005,0.4292356631698503,18
2024-02-01,-0.072409086,0.3221576864762489,11
2024-02-02,-0.046911113,0.3434309048978878,18
2024-02-03,0.03550001,0.7486596018574744,3
2024-02-04,0.037940003,0.44586713137862655,5
2024-02-05,0.120662495,0.28986193592045595,8
2024-02-06,-0.127205,0.3173861633389967,20
2024-02-07,-0.1582125,0.346663648659408,16
2024-02-08,0.22491819,0.3480794248857893,11
2024-02-09,0.13005453,0.4240771623457069,11
2024-02-10,-0.117125,0.5190177411892726,4
2024-02-11,-0.056612507,0.3688897547394662,8
2024-02-12,0.06274545,0.6007111678525463,11
2024-02-13,0.35358,0.2925630624596511,5
2024-02-14,-0.23708332,0.44787288333219294,12
2024-02-15,-0.08764117,0.3619333836154365,17
2024-02-16,-0.26615712,0.3413950038624431,7
2024-02-17,0.0,0.0,2
2024-02-18,0.14256667,0.22495942195097973,3
2024-02-19,-0.025040006,0.5448445079347594,5
2024-02-20,0.03206154,0.355716365057693,13
2024-02-21,-0.021519994,0.36407985291917644,10
2024-02-22,0.30906665,0.3170306553004608,9
2024-02-23,-0.05671818,0.4212826034762583,11
2024-02-24,-0.0386,0.054588645606514524,2
2024-02-25,0.15392,0.28230710779048984,5
2024-02-26,0.17135,0.2643453929630553,4
2024-02-27,-0.13049999,0.3823423319482504,10
2024-02-28,-0.20745383,0.37044889111954876,13
2024-02-29,-0.19478,0.3521819095651054,15
2024-03-01,-0.07049375,0.3595837721743385,16
2024-03-02,-0.17667143,0.4974763287459907,7
2024-03-03,0.038200002,0.4036960114430657,6
2024-03-04,-0.043987498,0.27647325857076954,8
2024-03-05,-0.017368749,0.3672385395483472,16
2024-03-06,-0.0024583302,0.3678310706519347,12
2024-03-07,0.10862381,0.36495763676801696,21
2024-03-08,-0.14989166,0.4457427267165112,12
2024-03-09,-0.14724,0.4606183195988193,5
2024-03-10,-0.0101799965,0.5501501225730845,5
2024-03-11,0.02856818,0.32869715477548367,22
2024-03-12,-0.11289167,0.3446073799584862,12
2024-03-13,-0.16349411,0.3726920726452838,17
2024-03-14,-0.047970586,0.3114917580531515,17
2024-03-15,-0.13214,0.48389922644213623,10
2024-03-16,-0.0045666695,0.4956969583852495,6
2024-03-17,-0.3182,,1
2024-03-18,-0.098025,0.36248780812234743,12
2024-03-19,0.24551111,0.25399629317432226,9
2024-03-20,-0.1573706,0.3542220447192298,17
2024-03-21,0.133175,0.5154240217854,8
2024-03-22,-0.07586666,0.365713680970672,6
2024-03-23,0.12907143,0.2559099385221987,7
2024-03-24,0.1714,0.23947508971305909,5
2024-03-25,-0.079940006,0.450912960513302,10
2024-03-26,0.1054875,0.24249399453552742,8
2024-03-27,0.13265556,0.38829043988379885,9
2024-03-28,-0.06781667,0.25231577000960437,12
2024-03-29,0.070719995,0.4001768360899599,5
2024-03-30,-0.17811668,0.3030626176811788,6
2024-03-31,-0.11901668,0.4971576464616953,6
2024-04-01,-0.19532499,0.30733915185031024,8
2024-04-02,-0.04776818,0.2938282339341679,22
2024-04-03,-0.110360004,0.2958772002493368,10
2024-04-04,0.13078667,0.3191850230151957,15
2024-04-05,-0.18909545,0.34603570264356664,22
2024-04-06,-0.0015874952,0.40687134657956187,8
2024-04-07,0.24003333,0.21204580084717578,3
2024-04-08,-0.011433333,0.5178509758277862,12
2024-04-09,0.116290905,0.2391819895475827,11
2024-04-10,-0.031124996,0.519626205946015,12
2024-04-11,-0.07327143,0.40771078471366506,7
2024-04-12,-0.2465,0.18723526830500495,4
2024-04-13,-0.11813334,0.3966446017617567,9
2024-04-14,-0.11333334,0.33640983492756715,3
2024-04-15,-0.0031916648,0.3511734390889057,12
2024-04-16,-0.09765385,0.3843659632015115,13
2024-04-17,-0.034933332,0.31705165228358423,18
2024-04-18,-0.00411,0.4484120230127841,10
2024-04-19,-0.116907135,0.34463213997362646,14
2024-04-20,-0.11979,0.4175844374708813,10
2024-04-21,0.13396667,0.23203706938814214,3
2024-04-22,-0.039660875,0.30901707263882205,23
2024-04-23,-0.156875,0.4001835971141784,24
2024-04-24,0.069299996,0.3747726719795481,21
2024-04-25,0.26851112,0.3743099196339652,9
2024-04-26,0.03208333,0.3622295739076481,12
2024-04-27,-0.22135,0.16779643994264037,2
2024-04-28,0.050575,0.10114999860525133,4
2024-04-29,0.00055000186,0.40922404094995357,10
2024-04-30,0.13524666,0.47236123907514144,15
2024-05-01,0.018150002,0.32443979591718897,14
2024-05-02,-0.002181817,0.24082338711352058,11
2024-05-03,0.06257692,0.28290377941181255,13
2024-05-04,0.092650004,0.3128543687074503,6
2024-05-05,-0.10259999,0.38881620007181816,7
2024-05-06,0.023518177,0.28579613235482426,11
2024-05-07,-0.090825,0.25022916610388646,8
2024-05-08,0.16174546,0.2741112287156613,11
2024-05-09,0.07533847,0.30078817484578607,13
2024-05-10,-0.09660833,0.43338301407463364,12
2024-05-11,0.15374,0.6267508005823136,5
2024-05-12,0.07293334,0.22943429420016176,6
2024-05-13,-0.1036,0.3861304687902298,14
2024-05-14,-0.10274444,0.3004001213040422,18
2024-05-15,0.060599998,0.2404040812436011,11
2024-05-16,-0.002561537,0.2579121450109722,13
2024-05-17,0.046062503,0.4431061927085338,8
2024-05-18,0.037399992,0.5336587277886948,4
2024-05-19,0.065900005,0.3130434589191056,7
2024-05-20,0.046500005,0.3049235122511834,8
2024-05-21,0.03314667,0.32449405508270285,15
2024-05-22,-0.3611,0.3396795687301207,7
2024-05-23,0.098950006,0.48174059766764543,10
2024-05-24,-0.068290904,0.3464688085887454,11
2024-05-25,-0.1601,0.4239121166979196,5
2024-05-26,0.20535001,0.8587811928317325,2
2024-05-27,-0.0939125,0.6321304073951712,8
2024-05-28,0.1354,0.23857657297899,10
2024-05-29,-0.124355555,0.3746046798120045,9
2024-05-30,0.039550003,0.20935662192889717,8
2024-05-31,-0.15201111,0.19162368254784748,9
2024-06-01,-0.23395,0.416741471301322,6
2024-06-02,-0.114374995,0.4095049429577361,4
2024-06-03,-0.032607142,0.32983906044809197,14
2024-06-04,0.117850006,0.23652017105938603,4
2024-06-05,-0.044400003,0.2618512363274311,19
2024-06-06,0.02165385,0.37366032377856173,13
2024-06-07,-0.18621428,0.47510454920519574,7
2024-06-08,0.0132999895,0.4481361867267372,5
2024-06-09,0.016299998,0.27015449303273564,5
2024-06-10,0.024040002,0.24227407527964642,5
2024-06-11,0.20451666,0.3590132266871211,12
2024-06-12,-0.11559285,0.36759984293960857,14
2024-06-13,0.0052583343,0.3582581538000944,24
2024-06-14,0.013475001,0.27919579522895704,8
2024-06-15,0.4927,,1
2024-06-16,0.35386667,0.33246265326066615,3
2024-06-17,0.33975,0.11378647659158568,4
2024-06-18,-0.012625001,0.17823279253523497,12
2024-06-19,0.22308333,0.3240708694577367,6
2024-06-20,-0.04313637,0.3901674096233231,11
2024-06-21,0.09086666,0.34226520654144427,6
2024-06-22,0.159225,0.318450003862381,4
2024-06-23,0.20433332,0.3282964612386881,6
2024-06-24,-0.14405714,0.5085339574492836,7
2024-06-25,-0.03219231,0.2669825241579513,13
2024-06-26,-0.03617143,0.16595051367458644,14
2024-06-27,-0.13894,0.14938011431911158,5
2024-06-28,0.2628,0.27074003295157584,6
2024-06-29,0.2202,0.3114098295365636,2
2024-06-30,0.034966666,0.6106013515094791,3
2024-07-01,0.16132857,0.2755527817615198,7
2024-07-02,0.14058822,0.3437162534878689,17
2024-07-03,0.06972223,0.4542022160747957,9
2024-07-04,0.024088891,0.21514801978011444,9
2024-07-05,-0.1716125,0.3324676549910676,8
2024-07-06,-0.3996,0.34606374204705204,3
2024-07-07,-0.295225,0.27236888339266385,4
2024-07-08,-0.232075,0.49227337935757204,4
2024-07-09,0.030744443,0.16387457052189663,9
2024-07-10,0.09669231,0.33587257891213035,13
2024-07-11,0.2986667,0.3775066007008779,6
2024-07-12,-0.176525,0.41648867718117827,12
2024-07-13,0.0419125,0.22816924615274461,8
2024-07-14,-0.32114285,0.30513342898278056,7
2024-07-15,-0.13834286,0.43264600452266894,14
2024-07-16,-0.048138462,0.14769383987880905,13
2024-07-17,0.021950006,0.3536329425029783,12
2024-07-18,0.024744444,0.3100161772428904,9
2024-07-19,-0.19581428,0.5160513384868265,7
2024-07-20,0.0,,1
2024-07-21,0.1118,0.2572643724903987,5
2024-07-22,0.0044785663,0.34211290170985786,14
2024-07-23,0.078841664,0.21327178998302082,12
2024-07-24,-0.017884998,0.42218013234054047,20
2024-07-25,0.05225625,0.32211187083913617,16
2024-07-26,-0.030011117,0.386530897424765,9
2024-07-27,0.11440001,0.2341565087734669,7
2024-07-28,-0.043966662,0.47997156000395164,6
2024-07-29,0.22543332,0.25358046222466846,9
2024-07-30,-0.11086875,0.4191050370669298,16
2024-07-31,-0.345325,0.46009657859890873,4
2024-08-01,0.004358331,0.3307401819878595,12
2024-08-02,-0.03012222,0.4060207593351288,9
2024-08-03,0.142975,0.2307376337132523,4
2024-08-04,0.0,,1
2024-08-05,0.1291,0.44364728159403627,10
2024-08-06,0.0026285723,0.19078400283136285,14
2024-08-07,-0.035722222,0.4769339025252584,9
2024-08-08,0.0691375,0.4539151751027886,8
2024-08-09,-0.04465455,0.3432840313235908,11
2024-08-10,-0.11730001,0.6940247550050547,3
2024-08-11,-0.6052333,0.22199434708975976,3
2024-08-12,-0.0987111,0.1970123413061838,9
2024-08-13,-0.154375,0.34874217137171465,24
2024-08-14,0.044846665,0.30112252594566596,15
2024-08-15,0.02463,0.1454576076045578,10
2024-08-16,0.053311106,0.3627345766568522,9
2024-08-17,0.08287692,0.3339249377110796,13
2024-08-18,0.179375,0.21336720079070415,4
2024-08-19,0.1417125,0.23187001649132064,8
2024-08-20,0.02449091,0.2776565773896785,11
2024-08-21,-0.1168625,0.22797553872533635,16
2024-08-22,-0.12886153,0.2599617826448777,13
2024-08-23,-0.0912625,0.24628501913684794,8
2024-08-24,-0.022000002,0.4063620033154968,9
2024-08-25,0.072466664,0.4530675987905338,3
2024-08-26,-0.04395625,0.30353129872379253,16
2024-08-27,-0.036499992,0.4488974770991864,15
2024-08-28,0.03735,0.2519551830924796,18
2024-08-29,-0.15483999,0.3930073140092356,15
2024-08-30,-0.086775005,0.34277839563659324,8
2024-08-31,-0.0046888874,0.4706455789796165,9
2024-09-01,-0.2061,0.22155015456591998,3
2024-09-02,0.0606875,0.44607028996821174,8
2024-09-03,-0.034694444,0.3455241601701772,18
2024-09-04,-0.10942499,0.2741988559985466,8
2024-09-05,-0.0012066643,0.4286508517672932,15
2024-09-06,-0.09351053,0.2815286617821886,19
2024-09-07,0.25676,0.321496219398354,5
2024-09-08,-0.13562499,0.3616525357261901,4
2024-09-09,-0.056218185,0.3008618707652153,11
2024-09-10,-0.0867,0.3697006918665493,8
2024-09-11,0.16679999,0.3535092447167297,19
2024-09-12,-0.14454444,0.25379325094140937,18
2024-09-13,0.04367778,0.27090023114684564,9
2024-09-14,0.0,,1
2024-09-15,0.28503332,0.3877419434146408,6
2024-09-16,-0.27016667,0.362953666479422,12
2024-09-17,-0.019092854,0.43959221222689127,14
2024-09-18,0.09361875,0.3234085675142881,16
2024-09-19,-0.12523636,0.37346200242601285,11
2024-09-20,-0.24407144,0.4083335579972939,7
2024-09-21,-0.2271,0.30345368034149406,8
2024-09-22,-0.008299997,0.21569966144115732,5
2024-09-23,-0.08825454,0.2888483083073471,11
2024-09-24,0.2398909,0.3929355826198617,11
2024-09-25,0.15419167,0.2771286112338427,12
2024-09-26,0.22535832,0.3367891182931673,12
2024-09-27,-0.32061428,0.2787248679592883,14
2024-09-28,-0.15692,0.44757440774145285,5
2024-09-29,0.43414998,0.5004823940336331,6
2024-09-30,0.23705,0.2770705930046006,4
2024-10-01,0.14051667,0.34351881075951707,6
2024-10-02,0.23805554,0.27551020275288435,9
2024-10-03,-0.1391357,0.3093441364224895,14
2024-10-04,-0.1130125,0.31453665582211365,16
2024-10-05,-0.053244438,0.4102492094029706,9
2024-10-07,0.0797,0.3719702298814727,14
2024-10-08,0.050823808,0.21216574074787398,21
2024-10-09,0.08799444,0.40111568512564255,18
2024-10-10,0.04994615,0.2608197352397322,13
2024-10-11,0.084411114,0.22366383833252018,18
2024-10-12,0.14255999,0.2682201693133816,5
2024-10-13,0.07425714,0.18558873804230386,7
2024-10-14,-0.13255882,0.39321970088646985,17
2024-10-15,0.1663,0.38689135473212777,11
2024-10-16,0.20444545,0.3745112414933105,22
2024-10-17,0.18339287,0.26720954244931594,14
2024-10-18,0.036123075,0.508998669523544,13
2024-10-19,0.084924996,0.15766992376146804,8
2024-10-20,0.29315555,0.3294537975882698,9
2024-10-21,-0.09243889,0.20415921411335455,18
2024-10-22,-0.023584,0.32645641376670764,25
2024-10-23,0.016913049,0.42409466174113536,23
2024-10-24,0.003391667,0.3203726195586982,24
2024-10-25,0.14536315,0.43986758683750604,19
2024-10-26,0.020241678,0.3885102749805583,12
2024-10-27,-0.02982,0.33662468718214295,10
2024-10-28,-0.031778947,0.2826431198672768,19
2024-10-29,-0.0741077,0.33180116586397884,13
2024-10-30,-0.0414,0.2890515525828011,18
2024-10-31,-0.0343875,0.25649713268467594,24
2024-11-01,-0.08932308,0.4036462093638476,13
2024-11-02,-0.0741625,0.24246633237020185,8
2024-11-03,-0.020133337,0.4176936916538871,6
2024-11-04,0.1463619,0.2781339513329524,21
2024-11-05,-0.07371818,0.4359723909279518,11
2024-11-06,0.34466514,0.38296454757242815,43
2024-11-07,0.21879166,0.3837882937655888,24
2024-11-08,0.06667273,0.3841379885923359,22
2024-11-09,0.3371875,0.4095733426457465,8
2024-11-10,-0.100899994,0.11469964194567003,6
2024-11-11,0.13526551,0.33126247695530203,29
2024-11-12,-0.062633336,0.42282033383173845,27
2024-11-13,0.041202635,0.3627652879663502,38
2024-11-14,0.1464238,0.4168557184012117,21
2024-11-15,-0.029892856,0.32501189216378057,28
2024-11-16,0.13886471,0.3226899796290802,17
2024-11-17,0.095446154,0.40256831071844706,13
2024-11-18,0.15799001,0.346833241677519,20
2024-11-19,0.004197296,0.2944206428480114,37
2024-11-20,0.08035454,0.2591758708524033,22
2024-11-21,0.00064062513,0.3544550404478711,32
2024-11-22,-0.21553572,0.3296579364562788,14
2024-11-23,0.039666664,0.35977220388186565,12
2024-11-24,0.019566664,0.5021545104949983,9
2024-11-25,0.011315387,0.41104603216280083,26
2024-11-26,-0.082558334,0.35433001308885426,24
2024-11-27,-0.05883,0.40402692548199676,20
2024-11-28,-0.086899996,0.39923108091600623,12
2024-11-29,-0.06105833,0.17675550588285505,12
2024-11-30,0.14897144,0.4572163649259864,7
2024-12-01,-0.0129,0.0182433555741716,2
2024-12-02,-0.009296002,0.440424756312077,25
2024-12-03,-0.080916665,0.49141261521116625,24
2024-12-04,0.02111579,0.2959558204926325,19
2024-12-05,0.12311304,0.2645765873429706,23
2024-12-06,0.030636838,0.4174690751983553,19
2024-12-07,0.09576666,0.4775432544704391,6
2024-12-08,0.1262125,0.2300816713062527,8
2024-12-09,0.1759125,0.37762716049589007,8
2024-12-10,0.1376,0.34293691067024806,12
2024-12-11,0.2246357,0.3220788951530678,14
2024-12-12,0.045700002,0.2809596903624502,28
2024-12-13,-0.173425,0.39602927974709884,24
2024-12-14,0.07653999,0.3373576057776168,10
2024-12-15,-0.16047142,0.32778160380424826,7
2024-12-16,0.0036062486,0.17112305102614825,16
2024-12-17,0.028015384,0.303656063263436,13
2024-12-18,0.017127274,0.30608081746134136,22
2024-12-19,0.04140714,0.31919589767915024,28
2024-12-20,0.034012496,0.3260721255203904,24
2024-12-21,0.055946153,0.4404018882493618,13
2024-12-22,-0.12602499,0.36113974472236793,8
2024-12-23,0.05816924,0.283408848463296,13
2024-12-24,0.2509364,0.2419270002726721,11
2024-12-25,0.05874001,0.448398976874016,5
2024-12-26,0.14415,0.2256804838885637,14
2024-12-27,-0.046866663,0.28366254951678094,9
2024-12-28,0.38215,0.10428130298865798,4
2024-12-29,0.56596667,0.23404659789397914,3
2024-12-30,-0.07896923,0.4015090625078114,13
2024-12-31,0.03665833,0.35908145821077914,12
2025-01-01,0.00069999695,0.42364377230610933,14
2025-01-02,-0.074641936,0.36608868794282273,31
2025-01-03,-0.153,0.4752809246468347,20
2025-01-04,0.014621428,0.42177614005244896,14
2025-01-05,0.008483333,0.3346656884133988,12
2025-01-06,0.018411107,0.34567307928808977,18
2025-01-07,0.027051996,0.27764510836511197,25
2025-01-08,0.005680954,0.3625915003750404,21
2025-01-09,0.044087496,0.3725298598346179,24
2025-01-10,0.14177778,0.39860093022236537,9
2025-01-11,-0.16366,0.15208608924119238,5
2025-01-12,0.215175,0.24954620094006696,4
2025-01-13,0.08562,0.2803402027364433,20
2025-01-14,-0.029820004,0.26476579080768975,10
2025-01-15,0.031966668,0.2797844156285906,21
2025-01-16,-0.06795715,0.4206810720636735,21
2025-01-17,0.14423077,0.26619993285442123,13
2025-01-18,0.166125,0.25418967776404994,12
2025-01-19,0.08954286,0.22657281064719872,14
2025-01-20,0.14464243,0.31070333756674157,33
2025-01-21,0.089592,0.3647013788297903,25
2025-01-22,0.070437506,0.3410809423442293,32
2025-01-23,0.057305,0.2803292056361379,20
2025-01-24,0.0048222225,0.16269154959611304,18
2025-01-25,0.11310999,0.3788278369040049,10
2025-01-26,0.04899999,0.49170205558429203,10
2025-01-27,0.07985,0.34067687606552916,8
2025-01-28,0.16077916,0.34438637820272816,24
2025-01-29,0.10413333,0.37179201355142855,21
2025-01-30,-0.1343353,0.3920939609959974,17
2025-01-31,0.030618183,0.3553769057270723,11
2025-02-01,0.014088888,0.15526990499957177,9
2025-02-02,-0.06219999,0.3334319282989235,9
2025-02-03,-0.07418846,0.35102805323929204,26
2025-02-04,0.05457273,0.4502891729773906,33
2025-02-05,-0.10772439,0.3151977111277112,41
2025-02-06,0.004246665,0.2929080656526223,30
2025-02-07,-0.074475005,0.3454246388472396,32
2025-02-08,-0.1238375,0.4107694130254648,16
2025-02-09,0.0010000004,0.1898539133892548,9
2025-02-10,-0.054780003,0.3146037604862199,25
2025-02-11,0.017526666,0.329268870537967,30
2025-02-12,-0.063771434,0.3543163552404968,35
2025-02-13,0.007991892,0.34934668179293715,37
2025-02-14,-0.06759167,0.3497607171283512,24
2025-02-15,-0.0080312565,0.41051284557133144,16
2025-02-16,-0.07276,0.3698331222502693,10
2025-02-17,-0.16465001,0.35972746417729834,18
2025-02-18,0.012723079,0.3066675705520718,26
2025-02-19,-0.10899474,0.4004929073202796,19
2025-02-20,-0.023264706,0.37916348618109097,34
2025-02-21,0.2250778,0.4291312901931345,18
2025-02-22,-0.1234625,0.44723655955011826,16
2025-02-23,0.033943474,0.3055094520033979,23
2025-02-24,0.078099996,0.4211641863501776,25
2025-02-25,-0.070631035,0.35706189992834486,29
2025-02-26,0.051752,0.3846284781720724,25
2025-02-27,-0.06054194,0.27615127389488403,31
2025-02-28,-0.10600833,0.24004860272314815,12
2025-03-01,-0.021511113,0.35979632495250286,18
2025-03-02,0.121833324,0.33698306749009077,21
2025-03-03,-0.013547998,0.3970083558476483,25
2025-03-04,-0.10806471,0.34403366762129983,34
2025-03-05,-0.010641668,0.28554876979275684,36
2025-03-06,0.06354375,0.3275543713435159,16
2025-03-07,-0.056824002,0.3052611103906122,25
2025-03-08,-0.10054706,0.2841853989342195,17
2025-03-09,-0.0896,0.36320292332334136,9
2025-03-10,-0.05821,0.37932278341334197,30
2025-03-11,-0.1677,0.31668204664013366,39
2025-03-12,0.06505667,0.3308166637850745,30
2025-03-13,-0.09352142,0.4578174396335649,28
2025-03-14,-0.10489286,0.34662949078649996,28
2025-03-15,-0.11407368,0.32591981745762166,19
2025-03-16,0.04228334,0.3107239389902782,6
2025-03-17,-0.030181818,0.2986385743048546,11
2025-03-18,0.030955557,0.3721045916353409,36
2025-03-19,-0.05371143,0.36766851710505816,35
2025-03-20,-0.058947057,0.35292826325211213,34
2025-03-21,-0.097648494,0.4090718184326447,33
2025-03-22,0.18811429,0.3650042371706864,14
2025-03-23,0.010471433,0.441955018452528,7
2025-03-24,-0.049887504,0.34135835279873394,24
2025-03-25,-0.041668747,0.4021546210722264,32
2025-03-26,-0.075596556,0.3067309207232821,29
2025-03-27,-0.104613036,0.3814619305001671,23
2025-03-28,-0.06503334,0.35979676366392627,27
2025-03-29,0.13305001,0.5244593975334649,12
2025-03-30,-0.049845457,0.2454608008992739,11
2025-03-31,-0.02877429,0.3647693928907061,35
2025-04-01,-0.15086775,0.3786834452160641,31
2025-04-02,-0.10283158,0.46296663334189686,38
2025-04-03,-0.0044136415,0.36506490933450625,22
2025-04-04,-0.198385,0.36756386208585695,20
2025-04-05,-3.0769752e-05,0.26106749489790043,13
2025-04-06,0.014711112,0.3788077015125619,9
2025-04-07,-0.017891666,0.36949423828257144,24
2025-04-08,-0.03365714,0.29900074813187866,21
2025-04-09,0.027641173,0.439118282548214,17
2025-04-10,-0.07231034,0.31056377202605556,29
2025-04-11,0.12098182,0.36469748226484866,22
2025-04-12,0.1421,0.20781925034813215,4
2025-04-13,-0.053275004,0.6172396554644459,8
2025-04-14,-0.039873682,0.3526038908549124,19
2025-04-15,0.011777781,0.39776275344618106,18
2025-04-16,-0.053333335,0.22732865032593505,15
2025-04-17,0.03704375,0.23495552288418353,16
2025-04-18,0.06849091,0.42077443299706524,11
2025-04-19,0.0552,0.3236940323966498,6
2025-04-20,-0.21922998,0.4599885517355264,10
2025-04-21,-0.089611106,0.3310379816344918,18
2025-04-22,-0.09295833,0.27975832175628496,24
2025-04-23,-0.075575,0.3237714566134093,32
2025-04-24,0.01884286,0.3340916143650307,21
2025-04-25,-0.0418,0.3406713677864922,21
2025-04-26,-0.08008182,0.3748902678487904,11
2025-04-27,-0.12831667,0.14703020848211615,6
2025-04-28,-0.07202999,0.36939406112389994,10
2025-04-29,-0.09763571,0.225990560170211,14
2025-04-30,-0.05549412,0.30477018136972794,17
2025-05-01,0.06314615,0.35282690532259414,13
2025-05-02,0.22935554,0.39590605391019656,9
2025-05-03,-0.082242854,0.21898932954865089,7
2025-05-04,-0.13587143,0.34038979309138445,7
2025-05-05,0.1956923,0.3404961245752345,13
2025-05-06,0.18580624,0.32656345519468166,16
2025-05-07,-0.06222941,0.2616665295837317,17
2025-05-08,-0.23367222,0.39775724366722187,18
2025-05-09,0.13346,0.45250156819048964,10
2025-05-10,0.0,0.0,4
2025-05-11,0.12075001,0.42924103761233834,6
2025-05-12,0.061119996,0.25429421385318757,20
2025-05-13,0.006670587,0.39462490110755905,17
2025-05-14,-0.029650003,0.32191931669039486,18
2025-05-15,0.12902,0.429764709454424,10
2025-05-16,-0.047191665,0.33200186449222036,12
2025-05-17,0.0044399975,0.2172375827204444,5
2025-05-18,-0.3306,0.39103891631040244,4
2025-05-19,0.01275,0.4485526140532372,12
2025-05-20,0.102123804,0.25135126045711104,21
2025-05-21,-0.15351905,0.3131234780565766,21
2025-05-22,-0.043368425,0.2535763014964752,19
2025-05-23,0.109249994,0.3159362374150391,10
2025-05-24,0.221475,0.4257809263530633,4
2025-05-25,0.2226375,0.30824264660625716,8
2025-05-26,-0.1045,0.4676212173557324,8
2025-05-27,-0.11471667,0.2844862577156897,12
2025-05-28,0.0028814818,0.33429399698508694,27
2025-05-29,-0.030762069,0.3103514729690642,29
2025-05-30,0.017965216,0.3542317021176349,23
2025-05-31,0.038259994,0.4148533127184211,10
2025-06-01,0.1269875,0.39314033947002913,8
